"","X","Species","GrowthForm_CTD","Abund_CTD","family_molecules","family_morphology","larval","MeanPCcover","Growth_rate","Colony_fecundity","Colony_area","Polyps_per_area","Polyp_fecundity","Eggs_per_area","Colony_maximum_diameter","Corallite_width_minimum","Corallite_width_maximum","fecundity","coralcover","IndoPacific_fecundity","Genus"
"1",3,"Acropora gemmifera","digitate","common","Acroporidae","Acroporidae","spawner",0.329,24,393181.824864596,483.947064753186,126,6.448,2397.7395,297.680466666667,1,1.6,812.448,623.44842,5065194219321600,"Acropora"
"2",4,"Acropora hyacinthus","tables_or_plates","common","Acroporidae","Acroporidae","spawner",0.989,80.6333333333333,847367.010656916,1356.84664290985,112,5.576,2397.7395,300,0.4,1.1,624.512,1874.13522,11704199345126398,"Acropora"
"3",5,"Isopora palifera","branching_open","common","Acroporidae","Acroporidae","brooder",1.834,20.4686500824176,510390.719488933,366.600154515451,75.7224725,18.3859188571428,2465.5653,1083.09,0.7,1.4,1392.22723504723,3475.39332,48385372326052040,"Isopora"
"4",10,"Acropora millepora","corymbose","common","Acroporidae","Acroporidae","spawner",0.21,33.5708798884426,207714.508868451,464.589042701296,87,5.139,1868.0818,140,0.4,1.6,447.093,397.9458,1779187815594000,"Acropora"
"5",11,"Acropora nana","branching_closed","uncommon","Acroporidae","Acroporidae","spawner",0.358,18.8436348716,22290.2660152173,99.9339431303176,50,4.461,1685.6703,15,0.5,1,223.05,678.40284,1513177534620000,"Acropora"
"6",12,"Goniastrea retiformis","massive","common","Merulinidae","Faviidae","spawner",0.332,7.27,102065.783058203,262.0747126308,8.5,45.818,754.404,100,3.5,6.5,389.453,629.13336,2450178744520800,"Goniastrea"
"7",13,"Stylophora pistillata","branching_closed","common","Pocilloporidae","Pocilloporidae","brooder",0.433,18.0879423066667,34040.72324834,123.268118051381,360,0.767088571428571,1685.6703,48.3527166666666,0.9,1.4,276.151885714286,820.52634,2265898960692410,"Stylophora"
"8",15,"Goniastrea favulus","massive","uncommon","Merulinidae","Faviidae","spawner",0.072,4.05,878801.526847072,231.794695592621,3.9,972.126321771428,380,471.1,4,7.5,3791.29265490857,136.43856,5172785103743021,"Goniastrea"
"9",16,"Platygyra sinensis","massive","uncommon","Merulinidae","Faviidae","spawner",0.096,8.36666666666667,845337.592136994,234.316189845237,4.1,879.921701771428,310,441.920816666667,3.3,6.7,3607.67897726285,181.91808,6563020328000222,"Platygyra"
"10",20,"Acanthastrea echinata","massive","common","Lobophyllidae","Mussidae","spawner",0.065,2.7647086701735,3744314.01718539,155.713045991908,15.3101933333333,1570.6036,1037.368,8.67793552188552,68.5228333333333,79.9901428571429,24046.2447660293,123.1737,29618649389374612,"Acanthastrea"
"11",30,"Acropora abrolhosensis","branching_open","rare","Acroporidae","Acroporidae","spawner",0.108,38.4446332448434,639142.782267899,468.570165781321,98.042498,13.9126188571429,2435.0395,533.333333333333,0.9,1.5,1364.0279064762,204.65784,2791590050391401,"Acropora"
"12",31,"Acropora abrotanoides","branching_open","uncommon","Acroporidae","Acroporidae","spawner",0.145,127.5,996455.71061126,742.269237186002,95.5145636666667,14.0548735428572,2435.0395,505.083333333333,0.7,1.2,1342.44511383618,274.7721,3688664630635072,"Acropora"
"13",32,"Acropora aculeus","corymbose","uncommon","Acroporidae","Acroporidae","spawner",0.058,35.4894149947034,2165631.69944821,437.717387149343,90.9042733333333,54.4260106285715,1880.2598,40,0.8,1,4947.55694662257,109.90884,5437802448372281,"Acropora"
"14",33,"Acropora acuminata","branching_open","uncommon","Acroporidae","Acroporidae",NA,1.189,37.1761819887955,322693.644800884,518.868941939236,106.86094,5.81987620000001,2205.0434,133.333333333333,0.6,1.2,621.917441415629,2253.13122,14012616035160750,"Acropora"
"15",35,"Acropora anthocercis","tables_or_plates","uncommon","Acroporidae","Acroporidae","spawner",0.38,16.7991381553634,658305.813563398,171.971391985644,59.0694475,64.8050089714286,1626.1753,75,0.8,1.3,3827.99607517483,720.0924,27565108809632244,"Acropora"
"16",38,"Acropora aspera","branching_open","uncommon","Acroporidae","Acroporidae","spawner",0.342,6.05105,2447036.06456488,213.346681586657,43.9065058333333,261.231534428571,1349.4515,603.065183333333,1,1.8,11469.7638902387,648.08316,74333608264397664,"Acropora"
"17",39,"Acropora austera","branching_open","common","Acroporidae","Acroporidae",NA,0.258,62.9,925684.186567169,687.627748603052,100.680430666667,13.3710153142857,2397.7395,401.416666666667,0.6,1.5,1346.19958029288,488.90484,6581634904111596,"Acropora"
"18",40,"Acropora awi","hispidose","uncommon","Acroporidae","Acroporidae",NA,0.05,36.5558065476191,395142.981560781,514.362207884352,131.039606666667,5.86249708571429,2373.2917,150,0.7,1,768.219312196482,94.749,727880116113045,"Acropora"
"19",45,"Isopora brueggemanni","branching_open","common","Acroporidae","Acroporidae","brooder",0.979,74.8,1103255.35517023,689.119533679217,99.0620243333333,16.1612253142857,2397.7395,438.270233333333,1,1.6,1600.96369534025,1855.18542,29700845055445576,"Isopora"
"20",48,"Acropora carduus","hispidose","common","Acroporidae","Acroporidae","spawner",0.165,40.5388916666667,393601.091665303,539.911155346169,123.57297,5.8994362,2373.2917,118.45,0.5,0.9,729.010852559514,312.6717,2279410625882326,"Acropora"
"21",49,"Acropora caroliniana","tables_or_plates","uncommon","Acroporidae","Acroporidae",NA,0.059,34.8975593987457,314130.167819568,487.903935304197,112.608606666667,5.71746797142857,2385.4697,50,0.6,1,643.836101923866,111.80382,719833356489976,"Acropora"
"22",50,"Acropora cerealis","corymbose","common","Acroporidae","Acroporidae","spawner",0.188,42.9,410905.138013404,578.808807360903,122.279666666667,5.80566797142857,2385.4697,50,0.3,0.8,709.91514432363,356.25624,2529117000357939,"Acropora"
"23",53,"Acropora clathrata","tables_or_plates","common","Acroporidae","Acroporidae","spawner",0.234,40.5388916666667,393601.091665303,539.911155346169,123.57297,5.8994362,2373.2917,118.45,0.5,0.9,729.010852559514,443.42532,3232618705796753,"Acropora"
"24",60,"Acropora cytherea","tables_or_plates","common","Acroporidae","Acroporidae",NA,0.921,59.725,611724.673515941,763.906393093719,118.691,6.74680354285715,2397.7395,300,0.7,1,800.784859305258,1745.27658,13975910605640620,"Acropora"
"25",63,"Acropora desalwii","corymbose","common","Acroporidae","Acroporidae",NA,0.073,19.9664259155678,1298788.12040462,360.418849490596,65.2244226666666,55.2485097428572,1880.2598,30,0.6,0.8,3603.55215117157,138.33354,4984921256461778,"Acropora"
"26",64,"Acropora digitifera","digitate","uncommon","Acroporidae","Acroporidae","spawner",0.552,37.6,219294.34036802,355.32215865533,75.3675336666666,8.18881062857144,1868.0818,100,0.6,1.6,617.170460738815,1046.02896,6455781751893439,"Acropora"
"27",65,"Acropora divaricata","tables_or_plates","common","Acroporidae","Acroporidae","spawner",0.175,41.5,390657.191426946,512.846791036822,124.24797,6.13082442857143,2373.2917,181.63,0.7,1.1,761.74248967641,331.6215,2526101870402256,"Acropora"
"28",66,"Acropora donei","branching_open","uncommon","Acroporidae","Acroporidae","spawner",0.231,24.9691397725704,255017.794774645,359.532547593998,73.1440588333333,9.69735328571428,1892.5296,266.666666666667,0.8,1.4,709.303779257903,437.74038,3104909058677908,"Acropora"
"29",68,"Acropora echinata","hispidose","uncommon","Acroporidae","Acroporidae","spawner",0.137,40.6149029761905,404127.689220967,549.616561079331,124.402251833333,5.9105862,2373.2917,150,0.5,1,735.290232935023,259.61226,1908903591281877,"Acropora"
"30",73,"Acropora elseyi","hispidose","common","Acroporidae","Acroporidae","spawner",0.602,0.37,4388224.88375975,241.314059446994,63.8540451666667,284.785475057143,1411.5477,50,0.6,0.9,18184.7045871094,1140.77796,207447102020853536,"Acropora"
"31",75,"Acropora fastigata","branching_closed","rare","Acroporidae","Acroporidae",NA,0.093,2.7647086701735,3744314.01718539,155.713045991908,15.3101933333333,1570.6036,1037.368,8.67793552188552,68.5228333333333,79.9901428571429,24046.2447660293,176.23314,42377452203259056,"Acropora"
"32",78,"Acropora florida","branching_open","common","Acroporidae","Acroporidae","spawner",0.354,37.6324198879552,527431.306039707,456.163607334323,83.3436411666666,13.8730770857143,2465.5653,1500,0.7,1.4,1156.23275850928,670.82292,7756274352628483,"Acropora"
"33",79,"Acropora muricata",NA,NA,NA,"Acroporidae",NA,1.495,79.1929411764706,843445.161798127,687.17460184261,21,58.4481079714286,2185.6186,625,0.8,1.2,1227.4102674,2832.9951,34772472732338916,"Acropora"
"34",81,"Acropora glauca","tables_or_plates","rare","Acroporidae","Acroporidae","spawner",0.123,23.8163873643265,249621.416109591,377.130524652705,81.8086824999999,8.09078682857143,1868.0818,166.243333333333,0.9,1.3,661.896610833781,233.08254,1542765432705292,"Acropora"
"35",82,"Acropora globiceps","digitate","common","Acroporidae","Acroporidae",NA,0.264,26.4797618800183,305763.7614051,332.73609463867,34.7558935,26.4397679714286,1868.3118,214.103566666667,1.2,2.1,918.937759779683,500.27472,4597213304712084,"Acropora"
"36",83,"Acropora gomezi","branching_open","uncommon","Acroporidae","Acroporidae",NA,0.323,0.08375,3555814.48851647,156.073706560604,15.3101933333333,1488.08821,1037.368,27.0154303896104,79.0908333333333,74.5738095238095,22782.9181921539,612.07854,139449353039929904,"Acropora"
"37",84,"Acropora grandis","branching_open","common","Acroporidae","Acroporidae","spawner",0.71,86.5340310644258,914467.547042257,689.119533679217,94.8880758333333,13.9849879714286,2397.7395,450,0.8,1.7,1327.00859916117,1345.4358,17854048762192896,"Acropora"
"38",85,"Acropora granulosa","tables_or_plates","common","Acroporidae","Acroporidae","spawner",0.085,7.16,3517431.16896919,356.442886005268,70.1742976666666,140.623395942857,1556.4062,75,0.4,0.9,9868.14804579156,161.0733,15894951706241986,"Acropora"
"39",88,"Acropora hoeksemai","branching_open","common","Acroporidae","Acroporidae",NA,0.46,90.4053,614078.689896013,768.795257659057,116.480281833333,6.85742265714287,2397.7395,333.333333333333,0.6,1.1,798.754523754285,871.6908,6962669698149915,"Acropora"
"40",89,"Acropora horrida","branching_closed","uncommon","Acroporidae","Acroporidae","spawner",0.35,23.6962275647782,229550.724563182,371.338557210085,73.8537039999999,8.37020974285715,1868.0818,200,0.6,1.5,618.170992766887,663.243,4099975837556885,"Acropora"
"41",90,"Acropora humilis","digitate","common","Acroporidae","Acroporidae","spawner",0.112,20.2166666666667,746581.588559444,213.022011871461,53.8963903333334,65.0269094857143,1572.5603,110.466666666667,1,1.8,3504.7156958124,212.23776,7438330087160649,"Acropora"
"42",93,"Acropora insignis","branching_closed","uncommon","Acroporidae","Acroporidae",NA,0.318,2.7647086701735,3744314.01718539,155.713045991908,15.3101933333333,1570.6036,1037.368,8.67793552188552,68.5228333333333,79.9901428571429,24046.2447660293,602.60364,144903546243401952,"Acropora"
"43",97,"Acropora kimbeensis","branching_closed","uncommon","Acroporidae","Acroporidae",NA,0.206,47.8924380952381,462782.777336376,607.799977458008,128.379,5.9309262,2373.2917,135.063333333333,0.4,0.6,761.4063746298,390.36588,2972270694699715,"Acropora"
"44",101,"Acropora latistella","corymbose","common","Acroporidae","Acroporidae","spawner",0.193,39.8639791666667,387799.658664614,519.25107244969,125.4619185,5.9527562,2373.2917,161.483333333333,0.6,0.9,746.84421321477,365.73114,2731441855014408,"Acropora"
"45",103,"Acropora listeri","branching_closed","uncommon","Acroporidae","Acroporidae","spawner",0.036,34.8975593987457,314130.167819568,487.903935304197,112.608606666667,5.71746797142857,2385.4697,50,0.6,1,643.836101923866,68.21928,439220353112528,"Acropora"
"46",106,"Acropora longicyathus","hispidose","common","Acroporidae","Acroporidae","spawner",0.475,23.0725611956522,264370.218869993,399.251980569292,73.493734,9.00979974285715,1868.0818,191.933333333333,0.5,1.3,662.163825694812,900.1155,5960239230471983,"Acropora"
"47",107,"Acropora loripes","corymbose","common","Acroporidae","Acroporidae","spawner",0.077,20.9621622040832,290499.381365635,371.734917664702,60.7302681666666,12.8678697428571,1880.2598,45,0.5,1.2,781.469180217447,145.91346,1140268719688912,"Acropora"
"48",109,"Acropora lutkeni","branching_open","uncommon","Acroporidae","Acroporidae","spawner",0.12,99.9436421568627,967011.404182242,740.454249270478,92.6025636666667,14.1029626571429,2435.0395,600,0.6,1.2,1305.9704973467,227.3976,2969745567674455,"Acropora"
"49",114,"Acropora microclados","corymbose","uncommon","Acroporidae","Acroporidae","spawner",0.125,37.2364758123249,362024.499487698,509.545666716528,119.305636666667,5.9551662,2373.2917,100,0.6,1.2,710.484894946816,236.8725,1682943332782897,"Acropora"
"50",115,"Acropora microphthalma","branching_open","common","Acroporidae","Acroporidae","spawner",0.49,38.3890999223603,399585.299463781,523.794510339612,124.586585166667,6.12318354285714,2373.2917,200,0.6,1,762.866527953305,928.5402,7083522384390673,"Acropora"
"51",118,"Acropora monticulosa","digitate","uncommon","Acroporidae","Acroporidae","spawner",0.291,81.2450833333333,585552.418207134,768.795257659057,111.069333333333,6.85742265714287,2397.7395,300,0.6,1.2,761.649362913751,551.43918,4200033001326815,"Acropora"
"52",120,"Acropora nasuta","corymbose","common","Acroporidae","Acroporidae","spawner",0.225,41.9,340418.944413805,528.597603574352,111.37297,5.78240797142858,2385.4697,80,0.5,1.1,644.003949529676,426.3705,2745842859629428,"Acropora"
"53",123,"Acropora intermedia","branching_open","common","Acroporidae","Acroporidae","spawner",1.014,96.6303194117647,910345.952426775,681.166266715035,95.9530973333333,13.9281788571429,2435.0395,500,0.8,1.5,1336.45190155551,1921.50972,25680053191513912,"Acropora"
"54",127,"Acropora palmerae","encrusting","uncommon","Acroporidae","Acroporidae","spawner",0.477,23.8297273643265,259344.100172515,384.344103586741,81.6793491666666,8.26121417142857,1868.0818,180,0.9,1.3,674.770596848728,903.90546,6099288267390244,"Acropora"
"55",128,"Acropora paniculata","tables_or_plates","uncommon","Acroporidae","Acroporidae",NA,0.208,47.6656041666667,454382.176490815,599.268040827223,128.084,5.9197762,2373.2917,103,0.4,0.8,758.2286148008,394.15584,2988602365788458,"Acropora"
"56",129,"Acropora papillare","branching_open","uncommon","Acroporidae","Acroporidae",NA,0.122,56.9938742059798,437371.19688967,562.635598906684,115.048615166667,6.75680797142857,2397.7395,272.3769,0.8,1.6,777.361400059953,231.18756,1797162853180445,"Acropora"
"57",139,"Acropora plumosa","tables_or_plates","uncommon","Acroporidae","Acroporidae",NA,0.102,41.6424252170868,389644.347045537,517.73565560216,121.800251833333,6.17891354285714,2373.2917,177.59,0.6,1.2,752.593225576391,193.28796,1454672092814805,"Acropora"
"58",140,"Acropora polystoma","corymbose","uncommon","Acroporidae","Acroporidae","spawner",0.065,17.563967771353,601017.869512739,180.576059235238,69.579692,47.8348825142857,1626.1753,80,0.8,1.5,3328.33639220018,123.1737,4099635082719478,"Acropora"
"59",145,"Acropora pulchra","branching_open","uncommon","Acroporidae","Acroporidae","spawner",0.294,79.94,980943.99961752,739.408994851632,94.0695636666667,14.1029626571429,2435.0395,500,0.6,1.2,1326.65954356473,557.12412,7391140307481000,"Acropora"
"60",147,"Acropora retusa","digitate","uncommon","Acroporidae","Acroporidae","spawner",0.433,22.3086686459406,263003.878741229,403.178248916268,73.8728154999999,8.83040062857144,1868.0818,104.2,0.7,0.9,652.326556425541,820.52634,5352511218286526,"Acropora"
"61",148,"Acropora robusta","branching_open","common","Acroporidae","Acroporidae","spawner",0.343,22.4,267235.446385158,390.329404567206,76.2811403333333,8.97523062857143,1868.0818,153.098333333333,0.5,1.5,684.640827102088,649.97814,4450015713678770,"Acropora"
"62",154,"Acropora samoensis","digitate","common","Acroporidae","Acroporidae","spawner",0.082,26.1254685790769,217934.539666381,359.184431078528,66.197837,9.16568151428572,1868.0818,100,0.8,1.8,606.748290876599,155.38836,942816218521178,"Acropora"
"63",155,"Acropora sarmentosa","corymbose","common","Acroporidae","Acroporidae","spawner",0.066,17.4962747786132,1186628.54837817,165.411808242609,65.9413586666667,108.790354542857,1626.1753,30,1,2,7173.78378838437,125.06868,8972156690186320,"Acropora"
"64",158,"Acropora secale","branching_closed","common","Acroporidae","Acroporidae","spawner",0.208,87.8064523809523,574170.528153762,804.859007133226,119.064666666667,5.9915362,2373.2917,100,0.3,1.2,713.380260474269,394.15584,2811829958066541,"Acropora"
"65",160,"Acropora selago","corymbose","uncommon","Acroporidae","Acroporidae","spawner",0.123,34.4946750353917,293972.386289585,441.202181261828,74.8282003333332,8.90437797142858,1880.2598,75,0.5,0.9,666.298578689777,233.08254,1553025651194031,"Acropora"
"66",163,"Acropora solitaryensis","tables_or_plates","rare","Acroporidae","Acroporidae","spawner",0.26,16.7,303239.478116842,394.07969076047,71.9218913333332,10.6989359428571,1868.0818,204,0.5,1.1,769.487708264461,492.6948,3791225925258170,"Acropora"
"67",164,"Acropora speciosa","corymbose","uncommon","Acroporidae","Acroporidae",NA,0.097,40.3,410905.138013404,578.808807360903,122.279666666667,5.80566797142857,2385.4697,50,0.3,0.8,709.91514432363,183.81306,1304916750184681,"Acropora"
"68",165,"Acropora spicifera","tables_or_plates","uncommon","Acroporidae","Acroporidae","spawner",0.227,111,592927.969131342,755.515767380865,113.866,6.89230265714286,2397.7395,293.252222222222,0.5,1.1,784.798934358229,430.16046,3375894706110456,"Acropora"
"69",168,"Acropora striata","branching_closed","rare","Acroporidae","Acroporidae","spawner",0.184,33.5759403985507,491454.39413275,513.427531698378,132.344606666667,7.2326562,2373.2917,192.633333333333,0.8,1.1,957.20303994423,348.67632,3337540334605673,"Acropora"
"70",169,"Acropora subglabra","hispidose","uncommon","Acroporidae","Acroporidae",NA,0.306,47.1657898809524,454985.257047351,599.268040827223,128.254,5.9197762,2373.2917,110.06,0.3,0.8,759.2349767548,579.86388,4402529394527481,"Acropora"
"71",170,"Acropora subulata","tables_or_plates","common","Acroporidae","Acroporidae","spawner",0.283,43.1271472408964,460955.956822026,518.89365799501,122.1199185,7.2743562,2397.7395,250,0.8,1.2,888.34378628397,536.27934,4764004194014682,"Acropora"
"72",171,"Acropora suharsonoi","corymbose","uncommon","Acroporidae","Acroporidae",NA,0.04,30.3223176967981,222072.295487509,474.241641552685,79.9042976666666,5.86036354285715,2373.2917,175.136666666667,0.6,0.8,468.268232963339,75.7992,354943574440347,"Acropora"
"73",174,"Acropora tenuis","corymbose","uncommon","Acroporidae","Acroporidae","spawner",0.219,24.3735040217391,337621.548520038,450.669388764804,72.2430973333332,10.3699279714286,1892.5296,239.842133333333,0.8,1.2,749.155715779571,415.00062,3109000865250657,"Acropora"
"74",180,"Acropora tortuosa","branching_closed","uncommon","Acroporidae","Acroporidae","spawner",0.117,15.9290656778922,717870.611262846,175.487848142746,59.0297095,69.2992412571429,1565.7503,101.073333333333,1,1.3,4090.71407997956,221.71266,9069630999717210,"Acropora"
"75",184,"Acropora valenciennesi","branching_open","common","Acroporidae","Acroporidae","spawner",0.542,179.333333333333,542210.745710125,694.074426841186,116.900585166667,6.68259885714286,2397.7395,333.333333333333,0.8,1.5,781.1997168341,1027.07916,8023539489582059,"Acropora"
"76",185,"Acropora valida","corymbose","common","Acroporidae","Acroporidae","spawner",0.548,34.3,343333.197749577,518.677600997773,115.77494,5.71746797142857,2385.4697,50,0.5,0.9,661.939511344064,1038.44904,6873904500933129,"Acropora"
"77",190,"Acropora verweyi","corymbose","common","Acroporidae","Acroporidae",NA,0.054,33.5759403985507,491454.39413275,513.427531698378,132.344606666667,7.2326562,2373.2917,192.633333333333,0.8,1.1,957.20303994423,102.32892,979495532982100,"Acropora"
"78",193,"Acropora yongei","branching_closed","common","Acroporidae","Acroporidae","spawner",0.324,59.34,616822.998493658,711.725998624838,119.889333333333,7.2288162,2373.2917,200,0.8,1.2,866.657955007198,613.97352,5321050352717707,"Acropora"
"79",201,"Alveopora allingi","columnar","uncommon","Acroporidae","Poritidae",NA,0.01,7.41980589954572,804443.351326868,131.213399784701,14.0800766666667,435.423895314285,932.642500000001,130.404966666667,2.4,3.7,6130.80182852379,18.9498,1161774684901601,"Alveopora"
"80",206,"Alveopora gigas","columnar","uncommon","Acroporidae","Poritidae","spawner",0.083,10.4557123391422,873032.571897731,172.952077930822,23.1099638333333,218.426535314286,1306.9244,135.706666666667,2,6.6,5047.82933135345,157.28334,7939394569852372,"Alveopora"
"81",208,"Alveopora marionensis","submassive","rare","Acroporidae","Poritidae",NA,0.01,16.0766424016664,488485.675288073,214.828537159557,25.8254101666667,88.0466088571429,1643.0571,521.220833333333,2,3.4,2273.83978751978,18.9498,430888092055424,"Alveopora"
"82",211,"Alveopora spongiosa","columnar","uncommon","Acroporidae","Poritidae",NA,0.016,24.0388533477633,215843.474589269,348.827401303856,76.6504436666666,8.07260417142858,1879.7898,150,0.7,1.5,618.768691285384,30.31968,187608687137916,"Alveopora"
"83",215,"Anacropora forbesi","branching_closed","uncommon","Acroporidae","Acroporidae",NA,0.307,46.1721279761905,454985.257047351,599.268040827223,128.254,5.9197762,2373.2917,108.326666666667,0.2,0.5,759.2349767548,581.75886,4416916745489989,"Anacropora"
"84",216,"Anacropora matthai","branching_closed","rare","Acroporidae","Acroporidae",NA,0.068,30.4557112268188,316206.484787174,543.95981349781,101.146170333333,5.74717620000001,2373.2917,169.463333333333,0.5,0.6,581.304862860879,128.85864,749061540536393,"Anacropora"
"85",218,"Anacropora puertogalerae","branching_closed","uncommon","Acroporidae","Acroporidae","spawner",0.023,30.6385097982474,327771.480790996,549.600775109167,100.780837,5.91760354285715,2373.2917,175.23,0.5,0.8,596.381038083309,43.58454,259929932095835,"Anacropora"
"86",224,"Astreopora cucullata","massive","rare","Acroporidae","Acroporidae",NA,0.054,16.8313222222222,425817.656324261,176.740126064068,30.9283168333334,77.8990603714286,1565.7503,197.376666666667,1.8,2.3,2409.28682018651,102.32892,2465397182799198,"Astreopora"
"87",226,"Astreopora gracilis","massive","uncommon","Acroporidae","Acroporidae","spawner",0.058,18.7415585897333,770231.481074431,144.495563252779,42.9876716666667,124.000326828571,1685.6703,21.884475,1.4,1.6,5330.48533626597,109.90884,5858674599460029,"Astreopora"
"88",228,"Astreopora listeri","massive","common","Acroporidae","Acroporidae","spawner",0.047,27.6814341376498,377936.69957977,335.405331613171,44.401842,25.3774579714286,1868.3118,187.41,1.3,1.6,1126.80587920901,89.06406,1003579064342243,"Astreopora"
"89",230,"Astreopora moretonensis","laminar","rare","Acroporidae","Acroporidae",NA,0.03,5.20849430382775,981833.35308969,132.163681395208,20.4413401666667,363.4262462,1114.9199,122.712941666667,2.1,2.5,7428.91952406896,56.8494,4223296175916060,"Astreopora"
"90",231,"Astreopora myriophthalma","massive","common","Acroporidae","Acroporidae","spawner",0.122,7.75,1283396.57640119,140.264639528043,17.9354785,510.152135314286,925.588600000001,159.810233333333,2.1,2.3,9149.82265465847,231.18756,21153251739632132,"Astreopora"
"91",232,"Astreopora ocellata","massive","rare","Acroporidae","Acroporidae",NA,0.079,10.6527420029415,1093224.278856,230.020460318271,30.964039,153.491805314286,1530.6495,578.155933333333,1.1,2.5,4752.72624593196,149.70342,7114993733397754,"Astreopora"
"92",249,"Caulastraea curvata",NA,NA,NA,"Faviidae",NA,0.01,3.84793739894869,682727.956326361,173.176368776274,3.47739166666667,1133.71906177143,891.958,100,7.8,13.9,3942.38521774513,18.9498,747074113992266,"Caulastraea"
"93",252,"Caulastraea tumida",NA,NA,NA,"Faviidae",NA,0.01,7.03234431698054,1527005.69967142,164.212008577864,7.78975666666666,1193.74579088571,754.58,100,15,25,9298.98923285722,18.9498,1762139861647978,"Caulastraea"
"94",255,"Coeloseris mayeri","massive","common","Agariciidae","Agariciidae",NA,0.348,4.88364538334935,925162.157140885,161.690514325248,6.81431,839.675401771428,760,99.6,8.1,11.9,5721.80848704506,659.45304,37732640010796640,"Coeloseris"
"95",257,"Coscinaraea columna","massive","common","Coscinaraeidae","Siderastreidae","spawner",0.107,7.27531532496501,734958.875051351,165.975012403467,7.87533833333333,562.278021771428,588.4738,87.5141916666666,3.5,6,4428.12965884736,202.76286,8978602340787149,"Coscinaraea"
"96",258,"Coscinaraea crassa","encrusting","rare","Coscinaraeidae","Siderastreidae",NA,0.08,5.20147344707524,1271288.53437352,154.916029490329,9.77319,839.675401771428,837.516,60.7828,8.6,14.3,8206.3072398385,151.5984,12440630474679332,"Coscinaraea"
"97",259,"Coscinaraea exesa","columnar","common","Coscinaraeidae","Siderastreidae",NA,0.159,6.68720625060799,764152.750035401,151.592725820016,8.25988666666667,610.278021771428,707.9288,110.946416666667,2.6,6.1,5040.82729498953,301.30182,15188104382860222,"Coscinaraea"
"98",262,"Coscinaraea monile","massive","common","Coscinaraeidae","Siderastreidae",NA,0.05,5.166115163446,1240458.18124858,173.176368776274,4.01587333333334,1783.66583088571,698.142,100,28.6692202380952,50,7162.97604583178,94.749,6786848173665151,"Coscinaraea"
"99",265,"Ctenactis crassa","massive","common","Fungiidae","Fungiidae","spawner",0.018,5.40309974160207,3577421.97772359,153.185645991908,14.8691283333333,1570.6036,892.783000000001,20.6116666666667,88.8248333333333,236,23353.5064891953,34.10964,7965796990841149,"Ctenactis"
"100",266,"Ctenactis echinata","massive","common","Fungiidae","Fungiidae","spawner",0.057,5.23894693152455,3577421.97772359,153.185645991908,14.8691283333333,1570.6036,892.783000000001,17.5335,90.2708333333332,284,23353.5064891953,108.01386,25225023804330304,"Ctenactis"
"101",269,"Cyphastrea agassizi","massive","uncommon","Merulinidae","Faviidae",NA,0.015,7.18053910924295,1171796.19743649,205.380605258121,21.8231401666667,261.442033542857,1274.4167,538.580083333333,1.4,2.2,5705.48614346415,28.4247,1621767319821253,"Cyphastrea"
"102",270,"Cyphastrea chalcidicum","massive","common","Merulinidae","Faviidae","spawner",0.058,18.437812745098,427259.278838345,153.960128943898,35.3914735,78.4123721428572,1661.7793,100,1.6,2.8,2775.12939076607,109.90884,3050112521890052,"Cyphastrea"
"103",273,"Cyphastrea japonica","submassive","uncommon","Merulinidae","Faviidae",NA,0.03,17.1117982168004,378555.332780868,309.287333331294,32.8660406666667,37.2408724,2272.8912,544.545666666667,1.5,1.9,1223.96002676055,56.8494,695813931453210,"Cyphastrea"
"104",274,"Cyphastrea microphthalma","massive","common","Merulinidae","Faviidae","spawner",0.071,17.3301845878136,421252.800236892,171.758245409131,31.4842235,77.8990603714286,1565.7503,186.39,1.6,2.7,2452.59142717405,134.54358,3299804308893061,"Cyphastrea"
"105",276,"Cyphastrea serailia","massive","common","Merulinidae","Faviidae","spawner",0.14,5.9,1239409.75595955,207.653367619148,22.8920886666667,260.729704428571,1312.1427,528.284883333333,1.4,2.4,5968.64751181265,265.2972,15834654726708630,"Cyphastrea"
"106",279,"Diploastrea heliopora","massive","uncommon","Diploastraeidae","Faviidae","spawner",0.248,2.43239285714286,1107023.40413756,232.839950011468,4.27478166666666,1112.20634177143,934.3398,633.333333333333,7,9,4754.4392793549,469.95504,22343727017068044,"Diploastrea"
"107",285,"Echinophyllia aspera","laminar","common","Lobophyllidae","Pectiniidae","spawner",0.051,5.16613705363816,925162.157140885,161.690514325248,6.81431,839.675401771428,760,99.8,8.8,10.9,5721.80848704506,96.64398,5529783449858129,"Echinophyllia"
"108",287,"Echinophyllia echinata","laminar","uncommon","Lobophyllidae","Pectiniidae",NA,0.055,7.00746479885057,644590.662956899,179.443044882161,2.85458666666667,1258.38678088571,594.825,156.81235,12,12.9,3592.17412622594,104.2239,3743903969143598,"Echinophyllia"
"109",288,"Echinophyllia echinoporoides","encrusting","common","Lobophyllidae","Pectiniidae",NA,0.059,7.94176779875519,748440.556556124,156.641620072632,8.41523833333333,567.784753542857,707.9288,113.365525,2.5,5.7,4778.04402309607,111.80382,5342035739103084,"Echinophyllia"
"110",295,"Echinopora gemmacea","laminar","common","Merulinidae","Faviidae","spawner",0.218,7.46995544091846,688967.019416084,132.536482863758,10.3185333333333,503.784753542857,803.2064,105.1164,3,4.2,5198.31977225707,413.10564,21474552164429116,"Echinopora"
"111",296,"Echinopora hirsutissima","submassive","uncommon","Merulinidae","Faviidae",NA,0.083,7.60397035639514,720657.812339486,143.133575194593,9.68643666666667,519.784753542857,807.4064,92.96575,3.7,4.2,5034.86209549183,157.28334,7918999268183537,"Echinopora"
"112",297,"Echinopora horrida","encrusting_long_uprights","uncommon","Merulinidae","Faviidae","spawner",0.11,10.7762327222222,953149.485098605,216.850434051062,24.311829,180.793615314286,1552.2495,500,2,2.4,4395.4234598127,208.4478,9162163502663462,"Echinopora"
"113",299,"Echinopora lamellosa","laminar","common","Merulinidae","Faviidae","spawner",0.515,8.87771474378821,1174966.52634809,180.292082854078,15.9705753333333,408.063994428571,1043.2468,500,2.3,3.4,6517.01676384239,975.9147,63600524599802208,"Echinopora"
"114",300,"Echinopora mammiformis","encrusting_long_uprights","common","Merulinidae","Faviidae",NA,0.362,3.27227981292517,1106643.80701031,231.794695592621,4.29359666666666,1111.94452177143,917.4398,500,6.1,8.9,4774.24129219606,685.98276,32750472185266224,"Echinopora"
"115",301,"Echinopora pacificus","laminar","common","Merulinidae","Faviidae","spawner",0.113,7.8117852480623,664805.307291006,133.800182863758,8.75092666666667,567.784753542857,707.9288,108.989383333333,2.5,4.6,4968.64274070495,214.13274,10639490841482602,"Echinopora"
"116",307,"Euphyllia cristata","massive","common","Euphylliidae","Euphyllidae",NA,0.01,3.33671430980715,2783012.27868801,155.713045991908,14.8474716666667,1203.75365,1054.951,12,20,25,17872.6982120216,18.9498,3386840565781674,"Euphyllia"
"117",309,"Euphyllia glabrescens","massive","common","Euphylliidae","Euphyllidae","brooder",0.007,4.9992900130093,1279613.60184892,154.916029490329,9.83719,839.675401771428,837.516,54.9814,8,19,8260.04646555187,13.26486,1095683599590404,"Euphyllia"
"118",310,"Euphyllia paraancora","massive","uncommon","Euphylliidae","Euphyllidae","spawner",0.05,5.66901188147872,1239839.57072054,159.163114325248,4.96281333333334,1569.62217088571,815.032000000001,100,29,30,7789.74183796722,94.749,7380702494055565,"Euphyllia"
"119",336,"Favites abdita","massive","common","Merulinidae","Faviidae","spawner",0.281,0.8,786618.241953342,161.690514325248,4.62847666666667,1051.09360177143,1001.517,100,7.5,15,4864.96221028169,532.48938,25905407110763288,"Favites"
"120",339,"Favites chinensis","massive","common","Merulinidae","Faviidae","spawner",0.071,6.01683890207494,595207.504662549,181.283178144843,3.083695,1064.72996177143,622.7099,230.900566666667,7.5,12.5,3283.30245946475,134.54358,4417472671191924,"Favites"
"121",340,"Favites complanata","massive","uncommon","Merulinidae","Faviidae","spawner",0.048,4.9992900130093,1279613.60184892,154.916029490329,9.83719,839.675401771428,837.516,54.9814,8,18.8,8260.04646555187,90.95904,7513258968619915,"Favites"
"122",341,"Favites flexuosa","massive","uncommon","Merulinidae","Faviidae","spawner",0.078,4.8694534275639,1861358.61253776,154.916029490329,10.00926,1200.41586088571,910.393000000001,59.2562,13.2,18.8,12015.2744597289,147.80844,17759589740643716,"Favites"
"123",342,"Favites halicora","massive","uncommon","Merulinidae","Faviidae","spawner",0.133,5.04558416136095,1355162.23385619,154.916029490329,9.76719,895.623120885714,837.516,60.2971333333333,10.8,16.8,8747.72119008374,252.03234,22047086412043888,"Favites"
"124",343,"Favites micropentagonus",NA,NA,NA,"Faviidae",NA,0.033,5.3585777219542,975568.451695447,153.652329490329,13.2556983333333,478.978463542857,876.214600000001,50,3.3,5.2,6349.19402088759,62.53434,3970426576281519,"Favites"
"125",345,"Favites pentagona","submassive","uncommon","Merulinidae","Faviidae","spawner",0.058,5.05787044754266,725455.540513767,173.176368776274,4.37110333333333,958.365341771428,655.126,100,3.8,8.5,4189.11393996822,109.90884,4604206537697372,"Favites"
"126",349,"Favites vasta","massive","uncommon","Merulinidae","Faviidae",NA,0.027,5.29372844707524,1538020.66556398,152.388629490329,9.76719,1033.33222088571,852.494,61.2304666666667,12.5,17.5,10092.7521345127,51.16446,5163902128761895,"Favites"
"127",352,"Cycloseris curvata","massive","rare","Fungiidae","Fungiidae",NA,0.013,2.53396525932078,3744314.01718539,155.713045991908,15.3101933333333,1570.6036,1037.368,9,75,81,24046.2447660293,24.63474,5923729877874921,"Cycloseris"
"128",357,"Fungia fungites","massive","common","Fungiidae","Fungiidae","spawner",0.077,2,3555814.48851647,156.073706560604,15.3101933333333,1488.08821,1037.368,28,99.4553333333333,158,22782.9181921539,145.91346,33243344223141176,"Fungia"
"129",365,"Danafungia scruposa","massive","common","Fungiidae","Fungiidae","spawner",0.01,4.31537512919897,3644423.40814124,156.073706560604,14.8673133333333,1570.6036,892.783000000001,24,86.3778333333333,111,23350.6558436613,18.9498,4424902581062125,"Danafungia"
"130",375,"Galaxea astreata","submassive","common","Euphylliidae","Oculinidae","spawner",0.035,8.21021807829858,818743.557473225,160.882610731416,9.31932,546.0778562,755.7053,166.666666666667,3.4,3.7,5089.07428684178,66.3243,3375292897227806,"Galaxea"
"131",377,"Galaxea fascicularis","massive","common","Euphylliidae","Oculinidae","spawner",0.382,4.59691583333333,954419.595846399,231.794695592621,3.70299166666666,1111.94452177143,778.5038,500,5.8,10.7,4117.52129791525,723.88236,29806010344851540,"Galaxea"
"132",379,"Galaxea longisepta","encrusting","rare","Euphylliidae","Oculinidae",NA,0.087,4.97182943429309,1638012.64103659,167.198900442934,13.278015,737.820430885714,705.251,15,4.7,7.6,9796.79074860697,164.86326,16151308603531860,"Galaxea"
"133",381,"Gardineroseris planulata","massive","uncommon","Agariciidae","Agariciidae","spawner",0.064,9.9,1291908.35713962,193.781165859102,14.2537418333333,467.725722657143,948.2042,602.925,1.4,5,6666.84169956417,121.27872,8085460277657671,"Gardineroseris"
"134",385,"Goniastrea edwardsi","massive","common","Merulinidae","Faviidae","spawner",0.106,9.8625,689009.467435179,132.545341484834,12.5665783333333,413.660143542857,906.937900000001,100,2.5,5,5198.29259720921,200.86788,10441700136211078,"Goniastrea"
"135",386,"Goniastrea minuta","submassive","uncommon","Merulinidae","Faviidae","spawner",0.027,5.43644415454189,737088.476632248,177.985145804697,6.09082833333333,679.922641771428,636.183,124.0233,4.3,5.9,4141.29209097626,51.16446,2118869735370713,"Goniastrea"
"136",388,"Goniastrea pectinata","submassive","common","Merulinidae","Faviidae","spawner",0.093,3.98917469918227,707957.539286444,173.176368776274,3.88258166666667,1052.92632177143,778.069,106.0819,5,15,4088.07243326052,176.23314,7204538414609426,"Goniastrea"
"137",396,"Goniopora columna","columnar","common","Poritidae","Poritidae","spawner",0.196,8.45619982955431,729699.635665977,131.213399784701,13.4161383333333,414.5132462,955.1794,132.106666666667,2.7,3.7,5561.16705201824,371.41608,20655068666857720,"Goniopora"
"138",397,"Goniopora djiboutiensis","columnar","common","Poritidae","Poritidae","spawner",0.066,7.14676010476593,723268.888539201,141.37057136899,10.15537,503.784753542857,755.5676,99.1413,3.2,4.7,5116.12057258652,125.06868,6398664467342407,"Goniopora"
"139",399,"Goniopora fruticosa","encrusting","uncommon","Poritidae","Poritidae",NA,0.047,17.5324241039427,422283.955091019,166.161066546525,32.6244418333334,77.8990603714286,1565.7503,186.39,1.7,3.7,2541.413363959,89.06406,2263485923324462,"Goniopora"
"140",400,"Goniopora lobata","columnar","common","Poritidae","Poritidae","spawner",0.023,7.95084901831579,781176.596769603,133.800182863758,11.2097216666667,520.832033542857,755.5676,104.197716666667,2.4,4.6,5838.38213109944,43.58454,2544631995281889,"Goniopora"
"141",401,"Goniopora minor","encrusting","common","Poritidae","Poritidae","spawner",0.055,26.5645373936713,589362.425797536,409.639994094145,44.0626128333333,32.6520044285714,2435.0395,534.057833333333,1.5,2.5,1438.73262936843,104.2239,1499503256900319,"Goniopora"
"142",402,"Goniopora norfolkensis","encrusting","uncommon","Poritidae","Poritidae","spawner",0.035,16.7909302014952,386450.571424751,323.487235311474,31.3225188333333,38.1399506285714,2435.0395,598.4702,1.5,2.4,1194.63932186583,66.3243,792336167752259,"Goniopora"
"143",410,"Goniopora somaliensis","encrusting","uncommon","Poritidae","Poritidae",NA,0.101,17.8822477944188,451543.870212644,172.899724477773,33.5253585,77.8990603714286,1541.3484,200,2.2,3.1,2611.59392576529,191.39298,4998407440021171,"Goniopora"
"144",414,"Goniopora tenuidens","massive","common","Poritidae","Poritidae","spawner",0.028,2.7647086701735,3744314.01718539,155.713045991908,15.3101933333333,1570.6036,1037.368,8.67793552188552,68.5228333333333,79.9901428571429,24046.2447660293,53.05944,12758802813884448,"Goniopora"
"145",417,"Halomitra pileus","massive","common","Fungiidae","Fungiidae","spawner",0.034,6.33012656060915,672037.948380055,116.936768144683,13.60832,422.316643542857,943.426000000001,60,2.4,4.8,5747.02002665713,64.42932,3702765923439009,"Halomitra"
"146",424,"Hydnophora exesa","submassive","common","Merulinidae","Merulinidae","spawner",0.106,7.81386703197295,707834.286964699,133.800182863758,10.17774,519.784753542857,755.5676,100,3,4.5,5290.23407752328,200.86788,10626381038558562,"Hydnophora"
"147",426,"Hydnophora microconos","massive","common","Merulinidae","Merulinidae","spawner",0.112,8.9,720597.308120096,198.12806761641,4.423425,822.219861771428,507.3769,201.5526,3.6,7.2,3637.02789205628,212.23776,7719146528675464,"Hydnophora"
"148",427,"Hydnophora pilosa","columnar","uncommon","Merulinidae","Merulinidae","spawner",0.152,5.3250258982684,999069.01206869,163.874483941355,8.966535,679.922641771428,822.606000000001,56.4240666666666,5,8,6096.55016473597,288.03696,17560317759380480,"Hydnophora"
"149",428,"Hydnophora rigida","branching_closed","common","Merulinidae","Merulinidae","spawner",0.138,71,2070333.58332653,621.698561745712,31.9705821666667,104.1621462,2192.8855,562.745166666667,4.7,6.7,3330.12445374345,261.50724,8708516547549571,"Hydnophora"
"150",432,"Leptastrea aequalis","encrusting","rare","Fungiidae","Faviidae",NA,0.027,3.38155472184051,1906408.8005067,108.913789680599,45.9384666666667,381.027805314286,1452.3392,20,2.5,2.8,17503.8331335035,51.16446,8955741702058143,"Leptastrea"
"151",433,"Leptastrea bewickensis","encrusting","uncommon","Fungiidae","Faviidae",NA,0.47,6.14507029630142,842716.237955159,129.538194943809,15.0280566666667,432.893133542857,1053.8193,100,1.8,4.2,6505.54254149297,890.6406,57941003124808232,"Leptastrea"
"152",435,"Leptastrea inaequalis","massive","uncommon","Fungiidae","Faviidae",NA,0.046,7.44766117055965,878167.399856419,136.326087362241,15.2881166666667,421.351313542857,981.216300000001,125.233466666667,1.8,4.1,6441.66803909646,87.16908,5615142766334424,"Leptastrea"
"153",436,"Leptastrea pruinosa","encrusting","common","Fungiidae","Faviidae",NA,0.063,16.2904424016664,425076.83322065,214.828537159557,25.8254101666667,76.6175459428572,1643.0571,522.554166666667,2,3.6,1978.67954993772,119.38374,2362221649330815,"Leptastrea"
"154",437,"Leptastrea purpurea","encrusting","common","Fungiidae","Faviidae","spawner",0.088,1.8,1350938.91680178,153.643332152683,13.2422083333333,663.990061771428,1030.6705,100,1.8,10,8792.6947292401,166.75824,14662542979053548,"Leptastrea"
"155",438,"Leptastrea transversa","encrusting","common","Fungiidae","Faviidae",NA,0.108,6.97565292767577,613199.661871612,179.443044882161,3.20948833333333,1064.72996177143,588.12,170.1366,5.4,9.2,3417.23839045585,204.65784,6993646277557703,"Leptastrea"
"156",439,"Leptoria irregularis","encrusting","uncommon","Merulinidae","Faviidae",NA,0.01,7.50879848827229,714675.67813266,184.491939134777,6.46705,598.998021771428,517.2708,150,3.5,6.3,3873.75015669691,18.9498,734067907193752,"Leptoria"
"157",440,"Leptoria phrygia","massive","common","Merulinidae","Faviidae","spawner",0.269,7.12062149347447,769173.309652986,127.428205532085,13.8960766666667,434.376615314285,932.642500000001,129.54,2.6,3.5,6036.13074861449,509.74962,30769153553765532,"Leptoria"
"158",444,"Leptoseris explanata","laminar","common","Agariciidae","Agariciidae","spawner",0.023,8.31483423562555,738409.737590559,131.556211311649,13.9441383333333,402.526405314285,955.1794,132.6269,2.4,4,5612.88387852178,43.58454,2446349619187876,"Leptoseris"
"159",446,"Leptoseris gardineri","laminar","uncommon","Agariciidae","Agariciidae",NA,0.02,16.1948322138377,553484.842510419,320.087723225441,32.6263258333333,52.9991062,2465.5653,866.666666666667,1.4,2.5,1729.16610775663,37.8996,655347038175334,"Leptoseris"
"160",447,"Leptoseris hawaiiensis","encrusting","uncommon","Agariciidae","Agariciidae",NA,0.043,17.3657907706093,374527.42735876,164.360355942113,29.2732651666667,77.8422512571429,1625.2453,160.053333333333,1.6,3.2,2278.69686222064,81.48414,1856776541387472,"Leptoseris"
"161",449,"Leptoseris mycetoseroides","laminar","common","Agariciidae","Agariciidae",NA,0.03,7.92485525656827,774029.229071354,125.3347438207,14.4945116666667,426.071313542857,981.216300000001,133.333333333333,1.9,4.4,6175.69562497895,56.8494,3510845908626780,"Leptoseris"
"162",451,"Leptoseris scabra","encrusting","uncommon","Agariciidae","Agariciidae",NA,0.021,5.47575266200593,750932.206753906,177.985145804697,6.31609833333333,667.987121771428,636.183,126.840816666667,3.8,6.3,4219.07234650864,39.79458,1678962120189260,"Leptoseris"
"163",455,"Leptoseris yabei","laminar","uncommon","Agariciidae","Agariciidae",NA,0.035,17.9972103494624,346268.667616898,145.026725884813,29.9803368333334,79.6395221428572,1637.3774,100,2.3,3.7,2387.61969908857,66.3243,1583572052082602,"Leptoseris"
"164",457,"Lithophyllon undulatum","encrusting","uncommon","Fungiidae","Fungiidae",NA,0.027,4.40597557263708,1406272.23624872,107.071518760174,39.1206566666667,335.729345314285,1289.2003,50,2.3,5.1,13133.9524509649,51.16446,6719915848192971,"Lithophyllon"
"165",459,"Lobophyllia diminuta","massive","uncommon","Lobophyllidae","Mussidae",NA,0.02,5.28825424963288,1317113.5872361,159.163114325248,4.86481333333334,1701.04037088571,815.032000000001,105.19325,20.6362083333333,42.5,8275.24387682309,37.8996,3136284328340445,"Lobophyllia"
"166",461,"Lobophyllia hataii","massive","common","Lobophyllidae","Mussidae",NA,0.1,5.66901188147872,1239839.57072054,159.163114325248,4.96281333333334,1569.62217088571,815.032000000001,100.29955,25,30,7789.74183796722,189.498,14761404988111130,"Lobophyllia"
"167",462,"Lobophyllia hemprichii","massive","common","Lobophyllidae","Mussidae","spawner",0.174,8.1330182128971,1492337.04291188,234.316189845237,5.01979833333333,1268.75671088571,631.9159,500,16.5,26.8,6368.90282270956,329.72652,20999961639502012,"Lobophyllia"
"168",463,"Lobophyllia pachysepta","massive","uncommon","Lobophyllidae","Mussidae","spawner",0.037,5.12037613242385,2409766.56809451,154.916029490329,10.7893183333333,1441.73224088571,892.783000000001,50,14.1,32.6,15555.3080983459,70.11426,10906489163875296,"Lobophyllia"
"169",470,"Madracis kirbyi","digitate","uncommon","Pocilloporidae","Astrocoeniidae",NA,0.03,5.21385657579847,998044.550242928,133.548796727075,20.5633401666667,363.4262462,1114.9199,125,1.9,2.6,7473.25752610536,56.8494,4248502064045740,"Madracis"
"170",477,"Merulina ampliata","laminar","common","Merulinidae","Merulinidae","spawner",0.138,1.8745,824285.451460986,183.810578144843,6.81507333333333,658.016221771428,749.9778,250.3751,3.8,6.2,4484.42880589521,261.50724,11727106000061522,"Merulina"
"171",478,"Merulina scabricula","laminar","common","Merulinidae","Merulinidae",NA,0.278,16.4129526265949,277453.457302453,231.289041239178,29.0334385,41.3177450571429,1626.8571,662.280933333333,1.8,3.5,1199.59621007524,526.80444,6319526096748080,"Merulina"
"172",484,"Montipora aequituberculata","laminar","common","Acroporidae","Acroporidae","spawner",0.173,22.3086686459406,263003.878741229,403.178248916268,73.8728154999999,8.83040062857144,1868.0818,104.2,0.7,0.9,652.326556425541,327.83154,2138532195758820,"Montipora"
"173",485,"Montipora altasepta","branching_open","uncommon","Acroporidae","Acroporidae","spawner",1.36,30.3223176967981,222072.295487509,474.241641552685,79.9042976666666,5.86036354285715,2373.2917,175.136666666667,0.6,0.8,468.268232963339,2577.1728,12068081530971798,"Montipora"
"174",486,"Montipora angulata","branching_closed","rare","Acroporidae","Acroporidae",NA,0.165,15.9290656778922,717870.611262846,175.487848142746,59.0297095,69.2992412571429,1565.7503,101.073333333333,1,1.3,4090.71407997956,312.6717,12790505256011452,"Montipora"
"175",488,"Montipora australiensis","columnar","rare","Acroporidae","Acroporidae",NA,0.257,24.71526324393,341117.567053996,471.313761964223,84.4075336666666,8.57457797142857,1868.0818,208.101666666667,0.9,0.1,723.758978800815,487.00986,3524777589395278,"Montipora"
"176",489,"Montipora cactus","encrusting_long_uprights","uncommon","Acroporidae","Acroporidae","spawner",1.81,40.2691680742297,384739.856646624,512.846791036822,122.36597,6.13082442857143,2373.2917,185.83,0.7,1.2,750.204278101839,3429.9138,25731360062805348,"Montipora"
"177",490,"Montipora calcarea","digitate","uncommon","Acroporidae","Acroporidae",NA,0.03,22.3086686459406,263003.878741229,403.178248916268,73.8728154999999,8.83040062857144,1868.0818,104.2,0.7,0.9,652.326556425541,56.8494,370843733368582,"Montipora"
"178",491,"Montipora caliculata","massive","uncommon","Acroporidae","Acroporidae",NA,0.161,36.7370523809524,395142.981560781,514.362207884352,131.039606666667,5.86249708571429,2373.2917,136.666666666667,0.7,1,768.219312196482,305.09178,2343773973884005,"Montipora"
"179",492,"Montipora capitata","encrusting_long_uprights","uncommon","Acroporidae","Acroporidae","spawner",0.124,25.80875,582014.527551079,508.865953492102,158.5,7.21607708571428,2373.2917,186.09,0.8,1,1143.74821808571,234.97752,2687551197902001,"Montipora"
"180",497,"Montipora confusa","encrusting_long_uprights","uncommon","Acroporidae","Acroporidae",NA,0.204,22.0194786459406,255426.043623641,404.977008316443,71.0388154999999,8.87848974285715,1868.0818,100,0.6,0.7,630.717394761471,386.57592,2438201571399186,"Montipora"
"181",498,"Montipora corbettensis","digitate","uncommon","Acroporidae","Acroporidae",NA,0.054,30.3223176967981,222072.295487509,474.241641552685,79.9042976666666,5.86036354285715,2373.2917,175.136666666667,0.6,0.8,468.268232963339,102.32892,479173825494468,"Montipora"
"182",499,"Montipora crassituberculata","laminar","uncommon","Acroporidae","Acroporidae","spawner",0.157,17.6068976281846,529478.126436072,162.746355446437,42.2263988333334,77.0464630285715,1661.7793,117.709933333333,1.2,1.5,3253.39467654214,297.51186,9679235015321492,"Montipora"
"183",501,"Montipora danae","laminar","common","Acroporidae","Acroporidae","spawner",0.093,35.0529134593838,670120.93793938,468.570165781321,98.169026,14.5681388571429,2397.7395,417.580933333334,0.9,1.4,1430.14000223847,176.23314,2520380632340928,"Montipora"
"184",502,"Montipora delicatula","laminar","uncommon","Acroporidae","Acroporidae",NA,0.584,30.4557112268188,316206.484787174,543.95981349781,101.146170333333,5.74717620000001,2373.2917,169.463333333333,0.5,0.6,581.304862860879,1106.66832,6433116759900788,"Montipora"
"185",503,"Montipora digitata","branching_open","common","Acroporidae","Acroporidae","spawner",0.611,19.817,277868.675231216,378.985629566035,72.2299399999999,10.1507841714286,1879.7898,124.356666666667,0.8,0.9,733.190531655236,1157.83278,8489120315360604,"Montipora"
"186",506,"Montipora efflorescens","massive","uncommon","Acroporidae","Acroporidae","spawner",0.174,41.6424252170868,389644.347045537,517.73565560216,121.800251833333,6.17891354285714,2373.2917,177.59,0.6,1.2,752.593225576391,329.72652,2481499452448785,"Montipora"
"187",509,"Montipora florida","laminar","uncommon","Acroporidae","Acroporidae",NA,0.211,48.9382666666667,462782.777336376,607.799977458008,128.379,5.9309262,2373.2917,137.436666666667,0.4,0.8,761.4063746298,399.84078,3044413187289514,"Montipora"
"188",510,"Montipora floweri","submassive","uncommon","Acroporidae","Acroporidae",NA,0.137,40.5388916666667,393601.091665303,539.911155346169,123.57297,5.8994362,2373.2917,118.45,0.5,0.9,729.010852559514,259.61226,1892601549975022,"Montipora"
"189",511,"Montipora foliosa","laminar","common","Acroporidae","Acroporidae","spawner",0.933,32.5,379534.214709252,519.25107244969,123.897636666667,5.8994362,2373.2917,121.316666666667,0.6,0.9,730.926202845783,1768.01634,12922894699654982,"Montipora"
"190",512,"Montipora foveolata","massive","uncommon","Acroporidae","Acroporidae","spawner",0.132,19.1818298457009,340435.961126784,162.619114024103,31.4128385,66.6433250571429,1649.6931,227.166666666667,2.1,2.9,2093.45600712303,250.13736,5236515588978967,"Montipora"
"191",515,"Montipora grisea","massive","common","Acroporidae","Acroporidae","spawner",0.668,24.3735040217391,337621.548520038,450.669388764804,72.2430973333332,10.3699279714286,1892.5296,239.842133333333,0.8,1.2,749.155715779571,1265.84664,9483162456563648,"Montipora"
"192",517,"Montipora hirsuta","branching_open","common","Acroporidae","Acroporidae",NA,0.168,47.8924380952381,462782.777336376,607.799977458008,128.379,5.9309262,2373.2917,135.063333333333,0.4,0.5,761.4063746298,318.35664,2423987751017244,"Montipora"
"193",518,"Montipora hispida","encrusting_long_uprights","common","Acroporidae","Acroporidae","spawner",0.349,35.0529134593838,670120.93793938,468.570165781321,98.169026,14.5681388571429,2397.7395,417.580933333334,0.9,1.4,1430.14000223847,661.34802,9458202588032088,"Montipora"
"194",519,"Montipora hodgsoni","laminar","uncommon","Acroporidae","Acroporidae",NA,0.241,30.4557112268188,316206.484787174,543.95981349781,101.146170333333,5.74717620000001,2373.2917,169.463333333333,0.5,0.6,581.304862860879,456.69018,2654762224548098,"Montipora"
"195",520,"Montipora hoffmeisteri","encrusting","common","Acroporidae","Acroporidae","spawner",0.151,33.5759403985507,491454.39413275,513.427531698378,132.344606666667,7.2326562,2373.2917,192.633333333333,0.8,1.1,957.20303994423,286.14198,2738959731116612,"Montipora"
"196",521,"Montipora incrassata","encrusting","uncommon","Acroporidae","Acroporidae",NA,0.017,14.5956342596088,432086.758045635,173.307086216556,59.862495,41.6485439142858,1565.7503,130.99,1,1.4,2493.18575182621,32.21466,803171313119259,"Montipora"
"197",522,"Montipora informis","massive","common","Acroporidae","Acroporidae","spawner",0.45,17.2211632336902,447368.650244832,168.005150268009,39.802671,66.9007112571429,1565.7503,115.233266666667,1.2,1.3,2662.82699983406,852.741,22707017586654924,"Montipora"
"198",526,"Montipora malampaya","digitate","uncommon","Acroporidae","Acroporidae","spawner",1.488,29.9645191253695,238736.561609641,494.493605843588,82.0699643333332,5.88266354285715,2373.2917,174.363333333333,0.6,0.7,482.789987147286,2819.73024,13613375263284130,"Montipora"
"199",527,"Montipora meandrina","encrusting","common","Acroporidae","Acroporidae",NA,0.025,20.7349673893115,1265154.23098972,346.658715697788,65.6311838333333,55.6072106285715,1880.2598,20,0.7,0.9,3649.56706322266,47.3745,1728964148366420,"Montipora"
"200",528,"Montipora millepora","encrusting","common","Acroporidae","Acroporidae",NA,0.038,5.42315771645021,1015062.70763865,163.874483941355,9.11007666666667,679.922641771428,822.606000000001,58.0588333333333,4.5,8,6194.14739394025,72.00924,4460358462856178,"Montipora"
"201",530,"Montipora monasteriata","laminar","common","Acroporidae","Acroporidae","spawner",0.783,39.5617969461698,384052.330678523,512.846791036822,122.147303333333,6.13082442857143,2373.2917,194.3,0.7,1.1,748.863671160122,1483.76934,11111409551072318,"Montipora"
"202",532,"Montipora nodosa","massive","uncommon","Acroporidae","Acroporidae",NA,0.227,24.9084483816425,264492.667811646,358.757639937227,72.6111403333333,10.1533468285714,1868.3118,154.75,0.8,1.3,737.246091422403,430.16046,3171341178194628,"Montipora"
"203",537,"Montipora peltiformis","submassive","uncommon","Acroporidae","Acroporidae","spawner",0.334,22.3086686459406,263003.878741229,403.178248916268,73.8728154999999,8.83040062857144,1868.0818,104.2,0.7,0.9,652.326556425541,632.92332,4128726898170208,"Montipora"
"204",539,"Montipora samarensis","branching_open","uncommon","Acroporidae","Acroporidae","spawner",0.148,30.4557112268188,316206.484787174,543.95981349781,101.146170333333,5.74717620000001,2373.2917,169.596666666667,0.5,0.7,581.304862860879,280.45704,1630310411755679,"Montipora"
"205",543,"Montipora spongodes","encrusting","common","Acroporidae","Acroporidae",NA,0.243,21.7097964947613,340673.170657138,425.416499036952,77.1526609999999,10.3794106285714,1868.0818,134.995233333333,0.9,1.2,800.799149605965,460.48014,3687521045224357,"Montipora"
"206",544,"Montipora spumosa","encrusting","common","Acroporidae","Acroporidae","spawner",0.279,22.3086686459406,263003.878741229,403.178248916268,73.8728154999999,8.83040062857144,1868.0818,104.2,0.7,0.9,652.326556425541,528.69942,3448846720327809,"Montipora"
"207",545,"Montipora stellata","digitate","common","Acroporidae","Acroporidae","spawner",0.361,39.8639791666667,387799.658664614,519.25107244969,125.4619185,5.9527562,2373.2917,161.483333333333,0.6,0.9,746.84421321477,684.08778,5109069998239384,"Montipora"
"208",548,"Montipora tuberculosa","massive","common","Acroporidae","Acroporidae","spawner",1.225,37.142055952381,374213.838319185,509.545666716528,124.487636666667,5.8994362,2373.2917,105.816666666667,0.6,1,734.406870203783,2321.3505,17048157553509860,"Montipora"
"209",549,"Montipora turgescens","massive","common","Acroporidae","Acroporidae","spawner",0.169,22.1290435734768,274646.275334973,405.325681105876,68.2381488333332,9.9298424,1868.0818,91.9333333333333,0.8,1,677.594063582742,320.25162,2170005965647563,"Montipora"
"210",551,"Montipora undata","laminar","uncommon","Acroporidae","Acroporidae",NA,0.084,26,337051.936407955,450.669388764804,71.8184306666666,10.4136470857143,1892.5296,241.182133333333,0.8,1.2,747.891791212507,159.17832,1190481588669977,"Montipora"
"211",552,"Montipora venosa","massive","uncommon","Acroporidae","Acroporidae","spawner",0.15,18.9560877564,684073.257201506,143.359182072266,38.4817016666667,124.000326828571,1685.6703,21.555075,1.2,1.8,4771.74358358624,284.247,13563537984036370,"Montipora"
"212",554,"Montipora verrucosa","laminar","uncommon","Acroporidae","Acroporidae","spawner",0.096,7.43192307692308,2371331.49881843,167.351491366311,55.379087,255.868540371428,1283.1307,154.448333333333,0.8,1.4,14169.7661577923,181.91808,25777366534745564,"Montipora"
"213",556,"Montipora vietnamensis","digitate","uncommon","Acroporidae","Acroporidae",NA,0.256,30.4557112268188,316206.484787174,543.95981349781,101.146170333333,5.74717620000001,2373.2917,169.596666666667,0.5,0.7,581.304862860879,485.11488,2819996387901716,"Montipora"
"214",562,"Mycedium elephantotus","laminar","common","Merulinidae","Pectiniidae","spawner",0.121,5.05524046262147,1014778.67914302,231.794695592621,3.93902999999999,1111.42088177143,681.1038,300,7.5,10,4377.9201959241,229.29258,10038246167575434,"Mycedium"
"215",563,"Mycedium mancaoi","laminar","uncommon","Merulinidae","Pectiniidae",NA,0.11,5.49785398781621,643349.690043029,177.985145804697,4.52164333333333,799.405321771428,639.448,121.305783333333,3.8,7.2,3614.62574381896,208.4478,7534607841224264,"Mycedium"
"216",564,"Mycedium robokaki","laminar","common","Merulinidae","Pectiniidae",NA,0.197,5.49785398781621,643349.690043029,177.985145804697,4.52164333333333,799.405321771428,639.448,121.305783333333,3.8,7.2,3614.62574381896,373.31106,13493797679283454,"Mycedium"
"217",578,"Oulophyllia bennettae","massive","uncommon","Merulinidae","Faviidae","spawner",0.1,4.6649659275639,1809288.78804418,154.916029490329,9.72926,1200.41586088571,910.393000000001,59.3562,12.8,17.4,11679.1580186809,189.498,22131770862239936,"Oulophyllia"
"218",579,"Oulophyllia crispa","massive","uncommon","Merulinidae","Faviidae","spawner",0.102,21,1960547.39170114,197.83764912834,17.1967616666667,576.264318857143,912.3345,100,7,11.6,9909.88014839031,193.28796,19154605177268608,"Oulophyllia"
"219",584,"Oxypora glabra","laminar","common","Lobophyllidae","Pectiniidae","spawner",0.114,5.40545132993242,612242.992343525,177.985145804697,5.059185,679.922641771428,639.448,128.933333333333,5,7.5,3439.85443041038,216.02772,7431039097334534,"Oxypora"
"220",585,"Oxypora lacera","laminar","common","Lobophyllidae","Pectiniidae","spawner",0.117,5.7465847920673,857767.196468339,159.163114325248,6.8919,781.966301771428,780.924,98.1434166666667,6.1,8.8,5389.2335551785,221.71266,11948613068798830,"Oxypora"
"221",589,"Pachyseris rugosa","laminar","common","Pachyseridae","Agariciidae","spawner",0.218,9.95774797058861,1080235.04167137,180.750401705744,12.4766585,479.005722657143,795.6909,633.333333333333,2.2,4.8,5976.39082113889,413.10564,24688807550567048,"Pachyseris"
"222",590,"Pachyseris speciosa","laminar","common","Pachyseridae","Agariciidae","spawner",0.279,3.82861393255295,1265570.78937133,115.754669256252,28.6145933333333,382.085314428571,1372.9637,2,2.4,4.6,10933.2158910123,528.69942,57803849003130104,"Pachyseris"
"223",594,"Pavona bipartita","submassive","uncommon","Agariciidae","Agariciidae",NA,0.513,4.82792189516022,1618851.16944819,111.908492035965,42.9868285,336.5181362,1391.5997,100,1.9,3.1,14465.847407969,972.12474,140626081503515776,"Pavona"
"224",595,"Pavona cactus","digitate","common","Agariciidae","Agariciidae","spawner",0.027,9.41166666666667,2287232.44246925,219.901915952171,50.0558363333333,207.790920628571,1377.2232,1000,1,1.4,10401.1483145364,51.16446,5321691368931652,"Pavona"
"225",596,"Pavona clavus","columnar","common","Agariciidae","Agariciidae","spawner",0.072,14.2064516129032,516754.071225124,311.048161637167,30.1225498333334,55.1524153142857,2465.5653,2000,1.7,3.4,1661.33137873327,136.43856,2266696609971822,"Pavona"
"226",598,"Pavona decussata","digitate","common","Agariciidae","Agariciidae",NA,0.149,3.12067127090301,1706410.61457883,97.3851703953478,46.76509,374.6872724,1543.8927,20,1.9,3.5,17522.2840156405,282.35202,49474522868298104,"Pavona"
"227",601,"Pavona explanulata","laminar","common","Agariciidae","Agariciidae",NA,0.09,17.2049278451624,341285.968802505,152.178231745634,28.2157635,79.4829712571429,1600.8434,142.582308333333,2.3,3,2242.67271926884,170.5482,3824837954604064,"Pavona"
"228",604,"Pavona maldivensis","columnar","common","Agariciidae","Agariciidae",NA,0.135,12.05,759671.233888194,133.455680912211,23.9248801666667,237.924324428571,1503.7981,30,2.9,4.1,5692.31095068869,255.8223,14562200797203676,"Pavona"
"229",605,"Pavona minuta","submassive","uncommon","Agariciidae","Agariciidae",NA,0.04,14.7621020522041,482357.483808366,204.774332784308,26.1302686666667,90.1466570857143,1642.1171,550,1.9,3.3,2355.55636905159,75.7992,1785492883290151,"Pavona"
"230",606,"Pavona varians","encrusting","common","Agariciidae","Agariciidae","spawner",0.246,3.8,704562.028143966,173.176368776274,3.86396,1052.92632177143,901.874000000001,106.3319,4.7,9.3,4068.46519027193,466.16508,18965764009003312,"Pavona"
"231",607,"Pavona venosa","encrusting","common","Agariciidae","Agariciidae",NA,0.189,6.98992496006866,611189.409216909,179.443044882161,3.19896666666667,1064.72996177143,576.642,157.749016666667,5.2,9.3,3406.03565670808,358.15122,12198758258135006,"Pavona"
"232",613,"Pectinia lactuca","encrusting","common","Merulinidae","Pectiniidae","spawner",0.106,5.66901188147872,1239839.57072054,159.163114325248,4.96281333333334,1569.62217088571,815.032000000001,100,27.5,30,7789.74183796722,200.86788,15647089287397796,"Pectinia"
"233",615,"Pectinia paeonia","laminar","common","Merulinidae","Pectiniidae","spawner",0.054,5.66901188147872,1239839.57072054,159.163114325248,4.96281333333334,1569.62217088571,815.032000000001,100,30,35,7789.74183796722,102.32892,7971158693580009,"Pectinia"
"234",623,"Platygyra daedalea","massive","common","Merulinidae","Faviidae","spawner",0.115,22,2562730.9720855,257.423302340942,16.3237433333333,609.867377085714,855.8604,201.916666666667,5.8,10,9955.31853092039,217.9227,21694898936182052,"Platygyra"
"235",624,"Platygyra lamellina","massive","uncommon","Merulinidae","Faviidae","spawner",0.127,7.4,551108.949976418,184.491939134777,2.80556666666667,1064.72996177143,573.93,150.210683333333,8.1,9.1,2987.1708897472,240.66246,7188998947669504,"Platygyra"
"236",625,"Platygyra pini","massive","common","Merulinidae","Faviidae","spawner",0.094,5.45896633941584,623369.013691049,177.985145804697,5.15112333333333,679.922641771428,639.448,125.182483333333,4.7,7.2,3502.36538489044,178.12812,6238697615636108,"Platygyra"
"237",626,"Platygyra ryukyuensis","massive","uncommon","Merulinidae","Faviidae","spawner",0.055,17.9156006790342,235304.265441524,179.962061150306,33.6856201666667,38.8154203714286,1590.1981,224.733333333333,1.6,3.3,1307.52150724144,104.2239,1362749908185812,"Platygyra"
"238",627,"Platygyra verweyi","massive","uncommon","Merulinidae","Faviidae",NA,0.03,7.60877400098019,626397.418149366,133.800182863758,9.00678333333333,519.784753542857,755.5676,103.017141666667,2.8,4.7,4681.58865513058,56.8494,2661455060909802,"Platygyra"
"239",631,"Plerogyra sinuosa","massive","common","Plesiastreidae","Euphyllidae",NA,0.03,6.16065657844842,1239796.68393194,159.163114325248,4.96264166666667,1569.62217088571,750.105,100,15,30,7789.47238616122,56.8494,4428268314698334,"Plerogyra"
"240",633,"Plesiastrea versipora","massive","uncommon","Plesiastreidae","Faviidae","spawner",0.051,4.1375,732789.20931779,148.25282566907,8.262655,598.213853542857,727.7306,233.333333333333,2.9,4.6,4942.83468804516,96.64398,4776952167347422,"Plesiastrea"
"241",636,"Pocillopora damicornis","branching_closed","common","Pocilloporidae","Pocilloporidae",NA,0.168,28.9644565217391,324958.091248354,427.256222203203,53.4666666666667,14.2251170857143,1868.0818,200,0.8,1,760.569593516192,318.35664,2421323802779806,"Pocillopora"
"242",640,"Pocillopora eydouxi","branching_open","common","Pocilloporidae","Pocilloporidae","spawner",0.729,41.3666666666667,449749.643362557,500.428102558614,129.128606666667,6.95995885714285,2205.0434,100,0.8,1,898.729789680184,1381.44042,12415416581223052,"Pocillopora"
"243",646,"Pocillopora meandrina","branching_closed","common","Pocilloporidae","Pocilloporidae","spawner",0.905,20.483,232394.935007701,373.705161415616,66.4,9.36546797142858,1868.0818,100,0.6,0.7,621.867073302858,1714.9569,10664752282435420,"Pocillopora"
"244",648,"Pocillopora verrucosa","branching_closed","common","Pocilloporidae","Pocilloporidae","spawner",1.506,28.9685714285714,433487.956327399,578.808807360903,129,5.80566797142857,2385.4697,50,0.3,0.7,748.931168314286,2853.83988,21373296355103004,"Pocillopora"
"245",649,"Pocillopora woodjonesi","branching_open","uncommon","Pocilloporidae","Pocilloporidae",NA,0.102,38.2834142080746,393496.489565094,523.794510339612,121.581585166667,6.17891354285714,2373.2917,199,0.6,1.1,751.242103148358,193.28796,1452060535836556,"Pocillopora"
"246",651,"Podabacia crustacea","encrusting","common","Fungiidae","Fungiidae",NA,0.025,17.2961657706093,359850.982777245,152.178231745634,30.3776918333334,77.8422512571429,1625.2453,150,1.9,3,2364.6679203024,47.3745,1120249603903659,"Podabacia"
"247",653,"Podabacia motuporensis","encrusting","uncommon","Fungiidae","Fungiidae",NA,0.062,5.90508907892135,877415.708439369,116.478198422363,17.3667568333333,433.7525462,1078.2941,132.026666666667,2.3,2.8,7532.87499569457,117.48876,8850281424791602,"Podabacia"
"248",656,"Polyphyllia talpina","massive","common","Fungiidae","Fungiidae",NA,0.018,2.7647086701735,3744314.01718539,155.713045991908,15.3101933333333,1570.6036,1037.368,8.67793552188552,68.5228333333333,79.9901428571429,24046.2447660293,34.10964,8202087523211431,"Polyphyllia"
"249",657,"Porites annae","digitate","common","Poritidae","Poritidae","spawner",0.214,25.2478994398866,396553.562110748,500.461760043602,78.2447311666666,10.1268844285714,2397.7395,331.678333333333,1,1.1,792.375349669471,405.52572,3213285841849640,"Porites"
"250",660,"Porites attenuata","branching_closed","common","Poritidae","Poritidae",NA,0.671,17.914752272529,734142.40116065,143.9104088306,41.232035,123.723823028571,1685.6703,34.8398,1.6,2.1,5101.38500144785,1271.53158,64865721310792816,"Porites"
"251",680,"Porites horizontalata","digitate","uncommon","Poritidae","Poritidae",NA,0.41,28.9284573458369,271511.762119822,344.191752468719,52.6691618333333,14.9772397428571,1868.3118,175.2,1.1,1.7,788.838663833172,776.9418,6128817313881393,"Porites"
"252",681,"Porites latistella","digitate","uncommon","Poritidae","Poritidae",NA,0.19,35.0529134593838,670120.93793938,468.570165781321,98.169026,14.5681388571429,2397.7395,417.580933333334,0.9,1.4,1430.14000223847,360.0462,5149164732739532,"Porites"
"253",682,"Porites lichen","laminar","common","Poritidae","Poritidae",NA,1.337,16.3,555763.170235254,316.782056429125,41.535796,42.2383215142857,2465.5653,1176.36903333333,1.3,1.4,1754.40230579978,2533.58826,44449330852912568,"Porites"
"254",690,"Porites nigrescens","branching_closed","uncommon","Poritidae","Poritidae",NA,0.719,17.8,455473.466003167,144.049535344986,46.5819535,67.878701,1685.6703,44.76565,1.4,1.6,3161.9224936224,1362.49062,43080897387275344,"Porites"
"255",698,"Porites rugosa","branching_closed","uncommon","Poritidae","Poritidae",NA,1.603,22.3613686459406,266866.723368211,403.178248916268,74.9578154999999,8.83040062857144,1868.0818,100,0.7,0.9,661.907541107541,3037.65294,20106453882534932,"Porites"
"256",699,"Porites rus","digitate","common","Poritidae","Poritidae","spawner",0.693,1.27,4590358.39482106,334.740397038858,66.0112246666666,207.740263285714,1758.34,500,0.6,0.8,13713.1891920657,1313.22114,180084499438402464,"Porites"
"257",701,"Porites solida","massive","common","Poritidae","Poritidae","spawner",0.068,13.46,681005.637427918,317.963439974196,38.833719,55.1524153142857,2465.5653,1216.05713333333,1.3,1.6,2141.77339848627,128.85864,2759860073171185,"Porites"
"258",704,"Porites tuberculosa","branching_closed","uncommon","Poritidae","Poritidae",NA,0.819,39.5617969461698,384052.330678523,512.846791036822,122.147303333333,6.13082442857143,2373.2917,194.3,0.7,1.1,748.863671160122,1551.98862,11622278955719320,"Porites"
"259",705,"Porites vaughani","encrusting","uncommon","Poritidae","Poritidae",NA,0.613,19.9664259155678,1296647.60207412,359.824847172688,65.2244226666666,55.2485097428572,1880.2598,20,0.6,0.8,3603.55215117157,1161.62274,41859681235768080,"Porites"
"260",708,"Psammocora digitata","columnar","common","Psammocoridae","Siderastreidae",NA,0.075,2.76001735840684,1699891.71021635,120.910267026287,36.7890466666667,382.1549962,1543.8927,6.5,1.8,2.3,14059.1179891016,142.1235,19981310555240864,"Psammocora"
"261",709,"Cycloseris explanulata","laminar","common","Fungiidae","Siderastreidae",NA,0.007,6.87511704634961,737927.751152568,158.386523985832,8.61977833333333,540.504753542857,636.7258,132.976433333333,3.4,4.5,4659.03116365239,13.26486,618013961214860,"Cycloseris"
"262",712,"Psammocora profundacella","encrusting","common","Psammocoridae","Siderastreidae","spawner",0.048,14.2383161547682,496710.849325841,223.923358773117,26.063559,85.1080279714286,1643.0571,532.1369,1.8,2.5,2218.21810840698,90.95904,2017669896513148,"Psammocora"
"263",717,"Sandalolitha robusta","massive","common","Fungiidae","Fungiidae","spawner",0.053,5.56816950400432,834403.633390684,130.810892281455,13.3173033333333,478.978463542857,880.414600000001,50,3.9,4.6,6378.70148913415,100.43394,6406381226376101,"Sandalolitha"
"264",718,"Scapophyllia cylindrica","columnar","uncommon","Merulinidae","Merulinidae","spawner",0.033,7.58093828815268,660876.348424619,131.204541163625,10.2096133333333,493.3578562,804.5091,134.802016666667,2.9,3.8,5036.99294676425,62.53434,3149850295105577,"Scapophyllia"
"265",725,"Seriatopora caliendrum","branching_closed","uncommon","Pocilloporidae","Pocilloporidae","brooder",0.054,58,537854.396394828,720.261414185886,120.751,6.18420442857143,2397.7395,235.916666666667,0.7,1.1,746.748868954429,102.32892,764140052713282,"Seriatopora"
"266",728,"Seriatopora hystrix","branching_closed","common","Pocilloporidae","Pocilloporidae","brooder",0.412,32.7,373217.839666226,509.545666716528,124.156303333333,5.8994362,2373.2917,119.796666666667,0.6,0.8,732.452190342845,780.73176,5718486876822246,"Seriatopora"
"267",740,"Stylocoeniella armata","encrusting","common","Pocilloporidae","Astrocoeniidae",NA,0.019,26.4117494717744,309021.193369926,332.73609463867,34.7078935,26.7583970857143,1868.0818,217.596666666667,1.3,2.3,928.727596281682,36.00462,334384841876354,"Stylocoeniella"
"268",741,"Stylocoeniella cocosensis","encrusting","rare","Pocilloporidae","Astrocoeniidae",NA,0.01,29.9645191253695,238736.561609641,494.493605843588,82.0699643333332,5.88266354285715,2373.2917,174.363333333333,0.6,0.7,482.789987147286,18.9498,91487736984436.4,"Stylocoeniella"
"269",742,"Stylocoeniella guentheri","digitate","common","Pocilloporidae","Astrocoeniidae",NA,0.024,23.3524976797897,340150.660907241,387.559333597779,71.4314956666665,12.2869297428571,1880.2598,50,1,1.1,877.673768683533,45.47952,399161817163181,"Stylocoeniella"
"270",749,"Symphyllia agaricia","massive","common","Lobophyllidae","Mussidae",NA,0.067,5.65448720417833,1244102.43423245,159.163114325248,4.97987666666667,1569.62217088571,815.032000000001,102.6191,20,33.5,7816.52482427643,126.96366,9924146001709926,"Symphyllia"
"271",752,"Symphyllia radians","massive","common","Lobophyllidae","Mussidae","spawner",0.121,5.66901188147872,1239839.57072054,159.163114325248,4.96281333333334,1569.62217088571,815.032000000001,100.29955,25,35,7789.74183796722,229.29258,17861300035614464,"Symphyllia"
"272",753,"Symphyllia recta","massive","common","Lobophyllidae","Mussidae","spawner",0.083,5.01227701850381,1271288.53437352,154.916029490329,9.77319,839.675401771428,837.516,60.3371,9,15,8206.3072398385,157.28334,12907154117479808,"Symphyllia"
"273",754,"Symphyllia valenciennesii","encrusting","common","Lobophyllidae","Mussidae",NA,0.035,5.66901188147872,1239839.57072054,159.163114325248,4.96281333333334,1569.62217088571,815.032000000001,99.1,30,35,7789.74183796722,66.3243,5166491745838896,"Symphyllia"
"274",759,"Turbinaria frondens","laminar","common","Dendrophylliidae","Dendrophylliidae","spawner",0.2,14,1046991.22095752,414.325488580047,80.1344249999999,31.5342324,2397.7395,400,0.9,1.1,2526.97758119037,378.996,9577143953608242,"Turbinaria"
"275",766,"Turbinaria reniformis","laminar","uncommon","Dendrophylliidae","Dendrophylliidae","spawner",0.247,5.90433123278888,905026.415191501,193.709543116847,8.58340833333333,544.315203542857,748.4334,500,2.8,4.2,4672.07965404979,468.06006,21868138831993224,"Turbinaria"
"276",767,"Turbinaria stellulata","massive","uncommon","Dendrophylliidae","Dendrophylliidae",NA,0.068,16.0696637977703,495182.915373311,214.828537159557,25.9693801666667,88.7589379714286,1643.0571,541.522133333333,2.1,3.3,2305.01460336962,128.85864,2970210469703484,"Turbinaria"
"277",768,"Zoopilus echinatus","massive","uncommon","Fungiidae","Fungiidae",NA,0.15,5.29008447246727,1812015.90719744,152.388629490329,9.90553,1200.41586088571,904.758000000001,60,14.4450833333333,20,11890.7553224792,284.247,33799115281487528,"Zoopilus"
